fromLGA,toLGA
NSW_Wagga_Wagga_Riverina,NSW_Hawkesbury_Sydney___Baulkham_Hills_and_Hawkesbury
NSW_Hawkesbury_Sydney___Baulkham_Hills_and_Hawkesbury,TAS_Northern_Midlands_Launceston_and_North_East
TAS_Northern_Midlands_Launceston_and_North_East,NSW_Armidale_New_England_and_North_West
NSW_Armidale_New_England_and_North_West,QLD_Lockyer_Valley_Toowoomba
QLD_Lockyer_Valley_Toowoomba,SA_Wakefield_Barossa___Yorke___Mid_North
SA_Wakefield_Barossa___Yorke___Mid_North,QLD_Southern_Downs_Darling_Downs___Maranoa
QLD_Southern_Downs_Darling_Downs___Maranoa,TAS_Brighton_Hobart
TAS_Brighton_Hobart,TAS_West_Tamar_Launceston_and_North_East
TAS_West_Tamar_Launceston_and_North_East,SA_Mid_Murray_South_Australia___South_East
SA_Mid_Murray_South_Australia___South_East,NSW_Blue_Mountains_Sydney___Outer_West_and_Blue_Mountains
NSW_Blue_Mountains_Sydney___Outer_West_and_Blue_Mountains,NSW_Upper_Lachlan_Capital_Region
NSW_Upper_Lachlan_Capital_Region,SA_Wattle_Range_South_Australia___South_East
SA_Wattle_Range_South_Australia___South_East,QLD_Cairns_Cairns
QLD_Cairns_Cairns,NSW_Wollongong_Illawarra
NSW_Wollongong_Illawarra,NSW_Penrith_Sydney___Outer_West_and_Blue_Mountains
NSW_Penrith_Sydney___Outer_West_and_Blue_Mountains,NSW_Upper_Hunter_Hunter_Valley_exc_Newcastle
NSW_Upper_Hunter_Hunter_Valley_exc_Newcastle,QLD_South_Burnett_Wide_Bay
QLD_South_Burnett_Wide_Bay,NSW_Mid_Western_Central_West
NSW_Mid_Western_Central_West,NSW_Canterbury_Bankstown_Sydney___Inner_South_West
NSW_Canterbury_Bankstown_Sydney___Inner_South_West,NSW_Greater_Hume_Murray
NSW_Greater_Hume_Murray,SA_Barossa_Barossa___Yorke___Mid_North
SA_Barossa_Barossa___Yorke___Mid_North,NSW_Port_Macquarie_Hastings_Mid_North_Coast
NSW_Port_Macquarie_Hastings_Mid_North_Coast,QLD_Mackay_Mackay___Isaac___Whitsunday
QLD_Mackay_Mackay___Isaac___Whitsunday,QLD_Douglas_Cairns
QLD_Douglas_Cairns,SA_Yankalilla_South_Australia___South_East
SA_Yankalilla_South_Australia___South_East,QLD_Logan_Logan___Beaudesert
QLD_Logan_Logan___Beaudesert,TAS_Dorset_Launceston_and_North_East
TAS_Dorset_Launceston_and_North_East,NSW_Nambucca_Valley_Mid_North_Coast
NSW_Nambucca_Valley_Mid_North_Coast,NSW_Narromine_Far_West_and_Orana
NSW_Narromine_Far_West_and_Orana,QLD_Fraser_Coast_Wide_Bay
QLD_Fraser_Coast_Wide_Bay,SA_Unincorporated_SA_South_Australia___Outback
SA_Unincorporated_SA_South_Australia___Outback,NSW_Shellharbour_Illawarra
NSW_Shellharbour_Illawarra,NSW_Narrabri_New_England_and_North_West
NSW_Narrabri_New_England_and_North_West,QLD_Cook_Queensland___Outback
QLD_Cook_Queensland___Outback,NSW_Tenterfield_New_England_and_North_West
NSW_Tenterfield_New_England_and_North_West,NSW_Central_Coast_(NSW)_Central_Coast
NSW_Central_Coast_(NSW)_Central_Coast,NSW_Tamworth_New_England_and_North_West
NSW_Tamworth_New_England_and_North_West,NSW_Hilltops_Capital_Region
NSW_Hilltops_Capital_Region,NSW_Forbes_Central_West
NSW_Forbes_Central_West,QLD_Toowoomba_Toowoomba
QLD_Toowoomba_Toowoomba,NSW_Lake_Macquarie_Newcastle_and_Lake_Macquarie
NSW_Lake_Macquarie_Newcastle_and_Lake_Macquarie,QLD_Livingstone_Central_Queensland
QLD_Livingstone_Central_Queensland,NSW_Blacktown_Sydney___Blacktown
NSW_Blacktown_Sydney___Blacktown,NSW_Balranald_Murray
NSW_Balranald_Murray,QLD_Lockhart_River_Queensland___Outback
QLD_Lockhart_River_Queensland___Outback,SA_Light_Barossa___Yorke___Mid_North
SA_Light_Barossa___Yorke___Mid_North,QLD_Cassowary_Coast_Cairns
QLD_Cassowary_Coast_Cairns,SA_Tumby_Bay_South_Australia___Outback
SA_Tumby_Bay_South_Australia___Outback,NSW_Liverpool_Sydney___South_West
NSW_Liverpool_Sydney___South_West,NSW_Cumberland_Sydney___Parramatta
NSW_Cumberland_Sydney___Parramatta,NSW_Muswellbrook_Hunter_Valley_exc_Newcastle
NSW_Muswellbrook_Hunter_Valley_exc_Newcastle,QLD_Moreton_Bay_Moreton_Bay___North
QLD_Moreton_Bay_Moreton_Bay___North,NSW_Ballina_Richmond___Tweed
NSW_Ballina_Richmond___Tweed,NSW_Kyogle_Richmond___Tweed
NSW_Kyogle_Richmond___Tweed,QLD_Bundaberg_Wide_Bay
QLD_Bundaberg_Wide_Bay,VIC_Melbourne_Melbourne___Inner
VIC_Melbourne_Melbourne___Inner,QLD_Brisbane_Brisbane___South
QLD_Brisbane_Brisbane___South,NSW_Snowy_Valleys_Riverina
NSW_Snowy_Valleys_Riverina,QLD_Whitsunday_Mackay___Isaac___Whitsunday
QLD_Whitsunday_Mackay___Isaac___Whitsunday,NSW_Fairfield_Sydney___South_West
NSW_Fairfield_Sydney___South_West,NSW_Yass_Valley_Capital_Region
NSW_Yass_Valley_Capital_Region,QLD_Central_Highlands_(Qld)_Central_Queensland
QLD_Central_Highlands_(Qld)_Central_Queensland,NSW_The_Hills_Sydney___Baulkham_Hills_and_Hawkesbury
NSW_The_Hills_Sydney___Baulkham_Hills_and_Hawkesbury,SA_Salisbury_Adelaide___North
SA_Salisbury_Adelaide___North,NSW_Port_Stephens_Hunter_Valley_exc_Newcastle
NSW_Port_Stephens_Hunter_Valley_exc_Newcastle,VIC_Macedon_Ranges_Melbourne___North_West
VIC_Macedon_Ranges_Melbourne___North_West,VIC_Moyne_Warrnambool_and_South_West
VIC_Moyne_Warrnambool_and_South_West,VIC_Cardinia_Melbourne___South_East
VIC_Cardinia_Melbourne___South_East,VIC_East_Gippsland_Latrobe___Gippsland
VIC_East_Gippsland_Latrobe___Gippsland,NSW_Hornsby_Sydney___Baulkham_Hills_and_Hawkesbury
NSW_Hornsby_Sydney___Baulkham_Hills_and_Hawkesbury,VIC_Whittlesea_Melbourne___North_East
VIC_Whittlesea_Melbourne___North_East,QLD_Mareeba_Queensland___Outback
QLD_Mareeba_Queensland___Outback,NSW_Mid_Coast_Mid_North_Coast
NSW_Mid_Coast_Mid_North_Coast,QLD_Rockhampton_Central_Queensland
QLD_Rockhampton_Central_Queensland,QLD_Ipswich_Ipswich
QLD_Ipswich_Ipswich,VIC_Glenelg_Warrnambool_and_South_West
VIC_Glenelg_Warrnambool_and_South_West,QLD_Western_Downs_Darling_Downs___Maranoa
QLD_Western_Downs_Darling_Downs___Maranoa,SA_Port_Adelaide_Enfield_Adelaide___West
SA_Port_Adelaide_Enfield_Adelaide___West,NSW_Cabonne_Central_West
NSW_Cabonne_Central_West,QLD_Gold_Coast_Gold_Coast
QLD_Gold_Coast_Gold_Coast,ACT_Unincorporated_ACT_Australian_Capital_Territory
ACT_Unincorporated_ACT_Australian_Capital_Territory,VIC_Frankston_Mornington_Peninsula
VIC_Frankston_Mornington_Peninsula,NSW_Moree_Plains_New_England_and_North_West
NSW_Moree_Plains_New_England_and_North_West,NSW_Parramatta_Sydney___Parramatta
NSW_Parramatta_Sydney___Parramatta,TAS_Meander_Valley_Launceston_and_North_East
TAS_Meander_Valley_Launceston_and_North_East,NSW_Queanbeyan_Palerang_Capital_Region
NSW_Queanbeyan_Palerang_Capital_Region,NSW_Snowy_Monaro_Capital_Region
NSW_Snowy_Monaro_Capital_Region,NSW_Federation_Murray
NSW_Federation_Murray,QLD_Brisbane_Brisbane_Inner_City
QLD_Brisbane_Brisbane_Inner_City,NSW_Cowra_Central_West
NSW_Cowra_Central_West,NSW_Goulburn_Mulwaree_Capital_Region
NSW_Goulburn_Mulwaree_Capital_Region,QLD_Moreton_Bay_Moreton_Bay___South
QLD_Moreton_Bay_Moreton_Bay___South,QLD_Gympie_Wide_Bay
QLD_Gympie_Wide_Bay,NSW_Willoughby_Sydney___North_Sydney_and_Hornsby
NSW_Willoughby_Sydney___North_Sydney_and_Hornsby,NSW_Shoalhaven_Capital_Region
NSW_Shoalhaven_Capital_Region,VIC_Greater_Bendigo_Bendigo
VIC_Greater_Bendigo_Bendigo,VIC_Nillumbik_Melbourne___North_East
VIC_Nillumbik_Melbourne___North_East,SA_Tatiara_South_Australia___South_East
SA_Tatiara_South_Australia___South_East,NSW_Tweed_Richmond___Tweed
NSW_Tweed_Richmond___Tweed,VIC_Ararat_North_West
VIC_Ararat_North_West,VIC_Colac_Otway_Warrnambool_and_South_West
VIC_Colac_Otway_Warrnambool_and_South_West,QLD_McKinlay_Queensland___Outback
QLD_McKinlay_Queensland___Outback,NSW_Singleton_Hunter_Valley_exc_Newcastle
NSW_Singleton_Hunter_Valley_exc_Newcastle,QLD_Gladstone_Central_Queensland
QLD_Gladstone_Central_Queensland,NSW_Lithgow_Central_West
NSW_Lithgow_Central_West,NSW_Campbelltown_(NSW)_Sydney___Outer_South_West
NSW_Campbelltown_(NSW)_Sydney___Outer_South_West,QLD_Sunshine_Coast_Sunshine_Coast
QLD_Sunshine_Coast_Sunshine_Coast,NSW_Warrumbungle_Far_West_and_Orana
NSW_Warrumbungle_Far_West_and_Orana,QLD_Noosa_Sunshine_Coast
QLD_Noosa_Sunshine_Coast,NSW_Port_Stephens_Newcastle_and_Lake_Macquarie
NSW_Port_Stephens_Newcastle_and_Lake_Macquarie,SA_Gawler_Adelaide___North
SA_Gawler_Adelaide___North,VIC_Alpine_Hume
VIC_Alpine_Hume,QLD_Brisbane_Ipswich
QLD_Brisbane_Ipswich,VIC_Baw_Baw_Latrobe___Gippsland
VIC_Baw_Baw_Latrobe___Gippsland,QLD_Isaac_Mackay___Isaac___Whitsunday
QLD_Isaac_Mackay___Isaac___Whitsunday,QLD_Maranoa_Darling_Downs___Maranoa
QLD_Maranoa_Darling_Downs___Maranoa,VIC_Southern_Grampians_Warrnambool_and_South_West
VIC_Southern_Grampians_Warrnambool_and_South_West,NSW_Cessnock_Hunter_Valley_exc_Newcastle
NSW_Cessnock_Hunter_Valley_exc_Newcastle,QLD_Scenic_Rim_Logan___Beaudesert
QLD_Scenic_Rim_Logan___Beaudesert,QLD_Somerset_Ipswich
QLD_Somerset_Ipswich,QLD_Hinchinbrook_Townsville
QLD_Hinchinbrook_Townsville,SA_Playford_Adelaide___North
SA_Playford_Adelaide___North,NSW_Cobar_Far_West_and_Orana
NSW_Cobar_Far_West_and_Orana,SA_Adelaide_Hills_Adelaide___Central_and_Hills
SA_Adelaide_Hills_Adelaide___Central_and_Hills,NSW_Bega_Valley_Capital_Region
NSW_Bega_Valley_Capital_Region,SA_Tea_Tree_Gully_Adelaide___North
SA_Tea_Tree_Gully_Adelaide___North,NSW_Kiama_Illawarra
NSW_Kiama_Illawarra,NSW_Wollondilly_Sydney___Outer_South_West
NSW_Wollondilly_Sydney___Outer_South_West,QLD_Scenic_Rim_Ipswich
QLD_Scenic_Rim_Ipswich,VIC_Casey_Melbourne___South_East
VIC_Casey_Melbourne___South_East,SA_Northern_Areas_Barossa___Yorke___Mid_North
SA_Northern_Areas_Barossa___Yorke___Mid_North,QLD_Tablelands_Cairns
QLD_Tablelands_Cairns,NSW_Sydney_Sydney___City_and_Inner_South
NSW_Sydney_Sydney___City_and_Inner_South,VIC_Murrindindi_Hume
VIC_Murrindindi_Hume,NSW_Albury_Murray
NSW_Albury_Murray,VIC_Boroondara_Melbourne___Inner_East
VIC_Boroondara_Melbourne___Inner_East,QLD_Redland_Brisbane___East
QLD_Redland_Brisbane___East,VIC_South_Gippsland_Latrobe___Gippsland
VIC_South_Gippsland_Latrobe___Gippsland,VIC_Yarra_Ranges_Melbourne___Outer_East
VIC_Yarra_Ranges_Melbourne___Outer_East,VIC_Surf_Coast_Geelong
VIC_Surf_Coast_Geelong,SA_Mount_Barker_Adelaide___Central_and_Hills
SA_Mount_Barker_Adelaide___Central_and_Hills,QLD_Brisbane_Brisbane___East
QLD_Brisbane_Brisbane___East,NSW_Maitland_Hunter_Valley_exc_Newcastle
NSW_Maitland_Hunter_Valley_exc_Newcastle,TAS_Hobart_Hobart
TAS_Hobart_Hobart,SA_Mitcham_Adelaide___South
SA_Mitcham_Adelaide___South,NSW_Clarence_Valley_Coffs_Harbour___Grafton
NSW_Clarence_Valley_Coffs_Harbour___Grafton,SA_Adelaide_Adelaide___Central_and_Hills
SA_Adelaide_Adelaide___Central_and_Hills,NSW_Lismore_Richmond___Tweed
NSW_Lismore_Richmond___Tweed,VIC_Greater_Shepparton_Shepparton
VIC_Greater_Shepparton_Shepparton,VIC_Merri_bek_Melbourne___North_West
VIC_Merri_bek_Melbourne___North_West,NSW_Narrandera_Riverina
NSW_Narrandera_Riverina,TAS_Huon_Valley_South_East
TAS_Huon_Valley_South_East,NSW_Griffith_Riverina
NSW_Griffith_Riverina,VIC_Wodonga_Hume
VIC_Wodonga_Hume,NSW_Mid_Coast_Hunter_Valley_exc_Newcastle
NSW_Mid_Coast_Hunter_Valley_exc_Newcastle,VIC_Darebin_Melbourne___Inner
VIC_Darebin_Melbourne___Inner,VIC_Ballarat_Ballarat
VIC_Ballarat_Ballarat,NSW_Wingecarribee_Southern_Highlands_and_Shoalhaven
NSW_Wingecarribee_Southern_Highlands_and_Shoalhaven,VIC_Maroondah_Melbourne___Outer_East
VIC_Maroondah_Melbourne___Outer_East,QLD_North_Burnett_Wide_Bay
QLD_North_Burnett_Wide_Bay,VIC_Mornington_Peninsula_Mornington_Peninsula
VIC_Mornington_Peninsula_Mornington_Peninsula,SA_Unley_Adelaide___Central_and_Hills
SA_Unley_Adelaide___Central_and_Hills,SA_Alexandrina_South_Australia___South_East
SA_Alexandrina_South_Australia___South_East,VIC_Melton_Melbourne___West
VIC_Melton_Melbourne___West,QLD_Burdekin_Townsville
QLD_Burdekin_Townsville,VIC_Knox_Melbourne___Outer_East
VIC_Knox_Melbourne___Outer_East,VIC_Monash_Melbourne___South_East
VIC_Monash_Melbourne___South_East,NSW_Unincorporated_NSW_Far_West_and_Orana
NSW_Unincorporated_NSW_Far_West_and_Orana,QLD_Barcaldine_Queensland___Outback
QLD_Barcaldine_Queensland___Outback,VIC_Wyndham_Melbourne___West
VIC_Wyndham_Melbourne___West,NSW_Glen_Innes_Severn_New_England_and_North_West
NSW_Glen_Innes_Severn_New_England_and_North_West,NSW_Northern_Beaches_Sydney___Northern_Beaches
NSW_Northern_Beaches_Sydney___Northern_Beaches,QLD_Townsville_Townsville
QLD_Townsville_Townsville,VIC_Golden_Plains_Ballarat
VIC_Golden_Plains_Ballarat,TAS_Clarence_Hobart
TAS_Clarence_Hobart,NSW_Georges_River_Sydney___Inner_South_West
NSW_Georges_River_Sydney___Inner_South_West,VIC_Kingston_(Vic.)_Melbourne___South_East
VIC_Kingston_(Vic.)_Melbourne___South_East,VIC_Manningham_Melbourne___Inner_East
VIC_Manningham_Melbourne___Inner_East,NSW_Bathurst_Central_West
NSW_Bathurst_Central_West,SA_Wudinna_South_Australia___Outback
SA_Wudinna_South_Australia___Outback,NSW_Inverell_New_England_and_North_West
NSW_Inverell_New_England_and_North_West,VIC_Brimbank_Melbourne___West
VIC_Brimbank_Melbourne___West,VIC_Darebin_Melbourne___North_East
VIC_Darebin_Melbourne___North_East,SA_Charles_Sturt_Adelaide___West
SA_Charles_Sturt_Adelaide___West,TAS_Flinders_(Tas.)_Launceston_and_North_East
TAS_Flinders_(Tas.)_Launceston_and_North_East,TAS_Burnie_West_and_North_West
TAS_Burnie_West_and_North_West,NSW_Dubbo_Far_West_and_Orana
NSW_Dubbo_Far_West_and_Orana,VIC_Greater_Geelong_Geelong
VIC_Greater_Geelong_Geelong,VIC_Mitchell_Hume
VIC_Mitchell_Hume,SA_Onkaparinga_Adelaide___South
SA_Onkaparinga_Adelaide___South,VIC_Stonnington_Melbourne___Inner_South
VIC_Stonnington_Melbourne___Inner_South,TAS_Launceston_Launceston_and_North_East
TAS_Launceston_Launceston_and_North_East,VIC_Indigo_Hume
VIC_Indigo_Hume,VIC_Yarra_Melbourne___Inner
VIC_Yarra_Melbourne___Inner,VIC_Port_Phillip_Melbourne___Inner
VIC_Port_Phillip_Melbourne___Inner,TAS_Waratah_Wynyard_West_and_North_West
TAS_Waratah_Wynyard_West_and_North_West,VIC_Campaspe_Shepparton
VIC_Campaspe_Shepparton,NT_Barkly_Northern_Territory___Outback
NT_Barkly_Northern_Territory___Outback,NSW_Blacktown_Sydney___Parramatta
NSW_Blacktown_Sydney___Parramatta,NSW_Blayney_Central_West
NSW_Blayney_Central_West,SA_Campbelltown_(SA)_Adelaide___Central_and_Hills
SA_Campbelltown_(SA)_Adelaide___Central_and_Hills,VIC_Latrobe_(Vic.)_Latrobe___Gippsland
VIC_Latrobe_(Vic.)_Latrobe___Gippsland,NT_Palmerston_Darwin
NT_Palmerston_Darwin,NSW_Gunnedah_New_England_and_North_West
NSW_Gunnedah_New_England_and_North_West,TAS_Break_O'Day_Launceston_and_North_East
TAS_Break_O'Day_Launceston_and_North_East,VIC_Buloke_North_West
VIC_Buloke_North_West,VIC_West_Wimmera_North_West
VIC_West_Wimmera_North_West,NSW_Ku_ring_gai_Sydney___North_Sydney_and_Hornsby
NSW_Ku_ring_gai_Sydney___North_Sydney_and_Hornsby,NSW_Shoalhaven_Southern_Highlands_and_Shoalhaven
NSW_Shoalhaven_Southern_Highlands_and_Shoalhaven,VIC_Warrnambool_Warrnambool_and_South_West
VIC_Warrnambool_Warrnambool_and_South_West,NSW_Berrigan_Murray
NSW_Berrigan_Murray,NSW_Warren_Far_West_and_Orana
NSW_Warren_Far_West_and_Orana,VIC_Moira_Shepparton
VIC_Moira_Shepparton,QLD_Brisbane_Brisbane___North
QLD_Brisbane_Brisbane___North,SA_Berri_Barmera_South_Australia___South_East
SA_Berri_Barmera_South_Australia___South_East,VIC_Moonee_Valley_Melbourne___Inner
VIC_Moonee_Valley_Melbourne___Inner,NT_Litchfield_Darwin
NT_Litchfield_Darwin,VIC_Greater_Dandenong_Melbourne___South_East
VIC_Greater_Dandenong_Melbourne___South_East,VIC_Golden_Plains_Geelong
VIC_Golden_Plains_Geelong,QLD_Toowoomba_Darling_Downs___Maranoa
QLD_Toowoomba_Darling_Downs___Maranoa,VIC_Moonee_Valley_Melbourne___North_West
VIC_Moonee_Valley_Melbourne___North_West,NSW_Inner_West_Sydney___Inner_West
NSW_Inner_West_Sydney___Inner_West,SA_Whyalla_South_Australia___Outback
SA_Whyalla_South_Australia___Outback,QLD_Mount_Isa_Queensland___Outback
QLD_Mount_Isa_Queensland___Outback,VIC_Kingston_(Vic.)_Melbourne___Inner_South
VIC_Kingston_(Vic.)_Melbourne___Inner_South,VIC_Maribyrnong_Melbourne___West
VIC_Maribyrnong_Melbourne___West,SA_Marion_Adelaide___South
SA_Marion_Adelaide___South,VIC_Mildura_North_West
VIC_Mildura_North_West,NSW_Hornsby_Sydney___North_Sydney_and_Hornsby
NSW_Hornsby_Sydney___North_Sydney_and_Hornsby,VIC_Mansfield_Hume
VIC_Mansfield_Hume,QLD_Charters_Towers_Townsville
QLD_Charters_Towers_Townsville,NSW_Richmond_Valley_Richmond___Tweed
NSW_Richmond_Valley_Richmond___Tweed,NSW_Sutherland_Sydney___Sutherland
NSW_Sutherland_Sydney___Sutherland,VIC_Hume_Melbourne___North_West
VIC_Hume_Melbourne___North_West,NSW_Newcastle_Newcastle_and_Lake_Macquarie
NSW_Newcastle_Newcastle_and_Lake_Macquarie,VIC_Glen_Eira_Melbourne___Inner_South
VIC_Glen_Eira_Melbourne___Inner_South,VIC_Yarriambiack_North_West
VIC_Yarriambiack_North_West,VIC_Pyrenees_Ballarat
VIC_Pyrenees_Ballarat,NSW_Strathfield_Sydney___Inner_South_West
NSW_Strathfield_Sydney___Inner_South_West,NSW_Bayside_(NSW)_Sydney___Inner_South_West
NSW_Bayside_(NSW)_Sydney___Inner_South_West,NSW_Coffs_Harbour_Coffs_Harbour___Grafton
NSW_Coffs_Harbour_Coffs_Harbour___Grafton,SA_Murray_Bridge_South_Australia___South_East
SA_Murray_Bridge_South_Australia___South_East,NSW_Murray_River_Murray
NSW_Murray_River_Murray,NSW_Camden_Sydney___Outer_South_West
NSW_Camden_Sydney___Outer_South_West,TAS_Glenorchy_Hobart
TAS_Glenorchy_Hobart,NSW_Randwick_Sydney___Eastern_Suburbs
NSW_Randwick_Sydney___Eastern_Suburbs,NSW_Strathfield_Sydney___Inner_West
NSW_Strathfield_Sydney___Inner_West,NSW_Hunters_Hill_Sydney___Ryde
NSW_Hunters_Hill_Sydney___Ryde,VIC_Wangaratta_Hume
VIC_Wangaratta_Hume,NSW_Parkes_Central_West
NSW_Parkes_Central_West,NSW_Byron_Richmond___Tweed
NSW_Byron_Richmond___Tweed,NSW_Cabonne_Far_West_and_Orana
NSW_Cabonne_Far_West_and_Orana,VIC_Moorabool_Ballarat
VIC_Moorabool_Ballarat,VIC_Benalla_Hume
VIC_Benalla_Hume,NSW_Bellingen_Coffs_Harbour___Grafton
NSW_Bellingen_Coffs_Harbour___Grafton,VIC_Wellington_Latrobe___Gippsland
VIC_Wellington_Latrobe___Gippsland,NSW_Edward_River_Murray
NSW_Edward_River_Murray,SA_Coorong_South_Australia___South_East
SA_Coorong_South_Australia___South_East,TAS_George_Town_Launceston_and_North_East
TAS_George_Town_Launceston_and_North_East,NSW_Ryde_Sydney___Ryde
NSW_Ryde_Sydney___Ryde,VIC_Bass_Coast_Latrobe___Gippsland
VIC_Bass_Coast_Latrobe___Gippsland,QLD_Richmond_Queensland___Outback
QLD_Richmond_Queensland___Outback,VIC_Strathbogie_Hume
VIC_Strathbogie_Hume,NSW_Hay_Murray
NSW_Hay_Murray,NSW_Weddin_Central_West
NSW_Weddin_Central_West,VIC_Moorabool_Melbourne___West
VIC_Moorabool_Melbourne___West,NSW_Lachlan_Central_West
NSW_Lachlan_Central_West,NSW_Waverley_Sydney___Eastern_Suburbs
NSW_Waverley_Sydney___Eastern_Suburbs,VIC_Northern_Grampians_North_West
VIC_Northern_Grampians_North_West,QLD_Mareeba_Cairns
QLD_Mareeba_Cairns,VIC_Horsham_North_West
VIC_Horsham_North_West,SA_Adelaide_Plains_Adelaide___North
SA_Adelaide_Plains_Adelaide___North,VIC_Stonnington_Melbourne___Inner
VIC_Stonnington_Melbourne___Inner,SA_Mount_Remarkable_Barossa___Yorke___Mid_North
SA_Mount_Remarkable_Barossa___Yorke___Mid_North,NSW_Gilgandra_Far_West_and_Orana
NSW_Gilgandra_Far_West_and_Orana,SA_Adelaide_Plains_Barossa___Yorke___Mid_North
SA_Adelaide_Plains_Barossa___Yorke___Mid_North,QLD_Goondiwindi_Darling_Downs___Maranoa
QLD_Goondiwindi_Darling_Downs___Maranoa,VIC_Mitchell_Melbourne___North_East
VIC_Mitchell_Melbourne___North_East,SA_Clare_and_Gilbert_Valleys_Barossa___Yorke___Mid_North
SA_Clare_and_Gilbert_Valleys_Barossa___Yorke___Mid_North,QLD_Brisbane_Brisbane___West
QLD_Brisbane_Brisbane___West,SA_West_Torrens_Adelaide___West
SA_West_Torrens_Adelaide___West,VIC_Whitehorse_Melbourne___Outer_East
VIC_Whitehorse_Melbourne___Outer_East,QLD_Cloncurry_Queensland___Outback
QLD_Cloncurry_Queensland___Outback,NSW_Penrith_Sydney___South_West
NSW_Penrith_Sydney___South_West,TAS_Sorell_Hobart
TAS_Sorell_Hobart,VIC_Towong_Hume
VIC_Towong_Hume,SA_Grant_South_Australia___South_East
SA_Grant_South_Australia___South_East,VIC_Hepburn_Ballarat
VIC_Hepburn_Ballarat,QLD_Lockyer_Valley_Ipswich
QLD_Lockyer_Valley_Ipswich,TAS_Circular_Head_West_and_North_West
TAS_Circular_Head_West_and_North_West,VIC_Swan_Hill_North_West
VIC_Swan_Hill_North_West,NSW_Murrumbidgee_Riverina
NSW_Murrumbidgee_Riverina,NSW_Orange_Central_West
NSW_Orange_Central_West,SA_Walkerville_Adelaide___Central_and_Hills
SA_Walkerville_Adelaide___Central_and_Hills,NSW_Bayside_(NSW)_Sydney___City_and_Inner_South
NSW_Bayside_(NSW)_Sydney___City_and_Inner_South,NSW_Sutherland_Illawarra
NSW_Sutherland_Illawarra,VIC_Whitehorse_Melbourne___Inner_East
VIC_Whitehorse_Melbourne___Inner_East,NSW_Wentworth_Murray
NSW_Wentworth_Murray,TAS_Tasman_South_East
TAS_Tasman_South_East,TAS_Latrobe_(Tas.)_West_and_North_West
TAS_Latrobe_(Tas.)_West_and_North_West,SA_Port_Augusta_South_Australia___Outback
SA_Port_Augusta_South_Australia___Outback,NSW_Liverpool_Plains_New_England_and_North_West
NSW_Liverpool_Plains_New_England_and_North_West,QLD_Banana_Central_Queensland
QLD_Banana_Central_Queensland,NSW_Inner_West_Sydney___City_and_Inner_South
NSW_Inner_West_Sydney___City_and_Inner_South,NSW_Eurobodalla_Capital_Region
NSW_Eurobodalla_Capital_Region,SA_Barunga_West_Barossa___Yorke___Mid_North
SA_Barunga_West_Barossa___Yorke___Mid_North,TAS_West_Coast_West_and_North_West
TAS_West_Coast_West_and_North_West,QLD_Etheridge_Queensland___Outback
QLD_Etheridge_Queensland___Outback,NSW_Bland_Central_West
NSW_Bland_Central_West,NSW_Oberon_Central_West
NSW_Oberon_Central_West,VIC_Corangamite_Warrnambool_and_South_West
VIC_Corangamite_Warrnambool_and_South_West,SA_Yorke_Peninsula_Barossa___Yorke___Mid_North
SA_Yorke_Peninsula_Barossa___Yorke___Mid_North,TAS_Derwent_Valley_Hobart
TAS_Derwent_Valley_Hobart,NSW_Hornsby_Sydney___Ryde
NSW_Hornsby_Sydney___Ryde,SA_Port_Pirie_Barossa___Yorke___Mid_North
SA_Port_Pirie_Barossa___Yorke___Mid_North,TAS_Devonport_West_and_North_West
TAS_Devonport_West_and_North_West,QLD_Flinders_(Qld)_Queensland___Outback
QLD_Flinders_(Qld)_Queensland___Outback,NSW_Burwood_Sydney___Inner_West
NSW_Burwood_Sydney___Inner_West,NT_Alice_Springs_Northern_Territory___Outback
NT_Alice_Springs_Northern_Territory___Outback,QLD_Somerset_Moreton_Bay___North
QLD_Somerset_Moreton_Bay___North,NT_Victoria_Daly_Northern_Territory___Outback
NT_Victoria_Daly_Northern_Territory___Outback,NSW_Gwydir_New_England_and_North_West
NSW_Gwydir_New_England_and_North_West,SA_Port_Adelaide_Enfield_Adelaide___North
SA_Port_Adelaide_Enfield_Adelaide___North,VIC_Macedon_Ranges_Bendigo
VIC_Macedon_Ranges_Bendigo,VIC_Banyule_Melbourne___North_East
VIC_Banyule_Melbourne___North_East,NSW_Coonamble_Far_West_and_Orana
NSW_Coonamble_Far_West_and_Orana,NSW_Kempsey_Mid_North_Coast
NSW_Kempsey_Mid_North_Coast,NSW_Carrathool_Riverina
NSW_Carrathool_Riverina,QLD_Barcoo_Queensland___Outback
QLD_Barcoo_Queensland___Outback,VIC_Hobsons_Bay_Melbourne___West
VIC_Hobsons_Bay_Melbourne___West,NSW_Temora_Riverina
NSW_Temora_Riverina,SA_Karoonda_East_Murray_South_Australia___South_East
SA_Karoonda_East_Murray_South_Australia___South_East,VIC_Unincorporated_Vic_Latrobe___Gippsland
VIC_Unincorporated_Vic_Latrobe___Gippsland,VIC_Gannawarra_North_West
VIC_Gannawarra_North_West,SA_Ceduna_South_Australia___Outback
SA_Ceduna_South_Australia___Outback,NSW_Parramatta_Sydney___Ryde
NSW_Parramatta_Sydney___Ryde,NT_Darwin_Darwin
NT_Darwin_Darwin,NT_Central_Desert_Northern_Territory___Outback
NT_Central_Desert_Northern_Territory___Outback,NSW_Sutherland_Sydney___Outer_South_West
NSW_Sutherland_Sydney___Outer_South_West,QLD_Murweh_Queensland___Outback
QLD_Murweh_Queensland___Outback,SA_Renmark_Paringa_South_Australia___South_East
SA_Renmark_Paringa_South_Australia___South_East,SA_Loxton_Waikerie_South_Australia___South_East
SA_Loxton_Waikerie_South_Australia___South_East,TAS_Central_Coast_(Tas.)_West_and_North_West
TAS_Central_Coast_(Tas.)_West_and_North_West,SA_Norwood_Payneham_and_St_Peters_Adelaide___Central_and_Hills
SA_Norwood_Payneham_and_St_Peters_Adelaide___Central_and_Hills,NT_MacDonnell_Northern_Territory___Outback
NT_MacDonnell_Northern_Territory___Outback,NSW_Leeton_Riverina
NSW_Leeton_Riverina,QLD_Scenic_Rim_Gold_Coast
QLD_Scenic_Rim_Gold_Coast,TAS_Kingborough_South_East
TAS_Kingborough_South_East,VIC_Merri_bek_Melbourne___Inner
VIC_Merri_bek_Melbourne___Inner,SA_Copper_Coast_Barossa___Yorke___Mid_North
SA_Copper_Coast_Barossa___Yorke___Mid_North,NSW_Lockhart_Riverina
NSW_Lockhart_Riverina,SA_Naracoorte_Lucindale_South_Australia___South_East
SA_Naracoorte_Lucindale_South_Australia___South_East,SA_Southern_Mallee_South_Australia___South_East
SA_Southern_Mallee_South_Australia___South_East,TAS_Kentish_West_and_North_West
TAS_Kentish_West_and_North_West,SA_Goyder_Barossa___Yorke___Mid_North
SA_Goyder_Barossa___Yorke___Mid_North,VIC_Brimbank_Melbourne___North_West
VIC_Brimbank_Melbourne___North_West,SA_Flinders_Ranges_South_Australia___Outback
SA_Flinders_Ranges_South_Australia___Outback,VIC_Loddon_Bendigo
VIC_Loddon_Bendigo,NSW_Junee_Riverina
NSW_Junee_Riverina,SA_Victor_Harbor_South_Australia___South_East
SA_Victor_Harbor_South_Australia___South_East,SA_Burnside_Adelaide___Central_and_Hills
SA_Burnside_Adelaide___Central_and_Hills,NT_Coomalie__Northern_Territory___Outback
NT_Coomalie__Northern_Territory___Outback,VIC_Manningham_Melbourne___Outer_East
VIC_Manningham_Melbourne___Outer_East,NSW_Mosman_Sydney___North_Sydney_and_Hornsby
NSW_Mosman_Sydney___North_Sydney_and_Hornsby,TAS_Glamorgan_Spring_Bay_South_East
TAS_Glamorgan_Spring_Bay_South_East,NSW_Hawkesbury_Sydney___Outer_West_and_Blue_Mountains
NSW_Hawkesbury_Sydney___Outer_West_and_Blue_Mountains,TAS_Southern_Midlands_South_East
TAS_Southern_Midlands_South_East,VIC_Mount_Alexander_Bendigo
VIC_Mount_Alexander_Bendigo,NSW_North_Sydney_Sydney___North_Sydney_and_Hornsby
NSW_North_Sydney_Sydney___North_Sydney_and_Hornsby,NT_Roper_Gulf_Northern_Territory___Outback
NT_Roper_Gulf_Northern_Territory___Outback,NSW_Woollahra_Sydney___Eastern_Suburbs
NSW_Woollahra_Sydney___Eastern_Suburbs,SA_Prospect_Adelaide___Central_and_Hills
SA_Prospect_Adelaide___Central_and_Hills,QLD_Northern_Peninsula_Area_Queensland___Outback
QLD_Northern_Peninsula_Area_Queensland___Outback,NSW_Wingecarribee_Sydney___Outer_South_West
NSW_Wingecarribee_Sydney___Outer_South_West,NT_Unincorporated_NT_Darwin
NT_Unincorporated_NT_Darwin,SA_Orroroo_Carrieton_Barossa___Yorke___Mid_North
SA_Orroroo_Carrieton_Barossa___Yorke___Mid_North,VIC_Central_Goldfields_Ballarat
VIC_Central_Goldfields_Ballarat,NT_Unincorporated_NT_Northern_Territory___Outback
NT_Unincorporated_NT_Northern_Territory___Outback,NSW_Central_Darling_Far_West_and_Orana
NSW_Central_Darling_Far_West_and_Orana,QLD_Balonne_Darling_Downs___Maranoa
QLD_Balonne_Darling_Downs___Maranoa,TAS_Kingborough_Hobart
TAS_Kingborough_Hobart,NSW_Walgett_Far_West_and_Orana
NSW_Walgett_Far_West_and_Orana,NSW_Coolamon_Riverina
NSW_Coolamon_Riverina,QLD_Bulloo_Queensland___Outback
QLD_Bulloo_Queensland___Outback,NSW_Lane_Cove_Sydney___North_Sydney_and_Hornsby
NSW_Lane_Cove_Sydney___North_Sydney_and_Hornsby,NSW_Walcha_New_England_and_North_West
NSW_Walcha_New_England_and_North_West,NSW_Bogan_Far_West_and_Orana
NSW_Bogan_Far_West_and_Orana,NSW_Wollondilly_Illawarra
NSW_Wollondilly_Illawarra,SA_Cleve_South_Australia___Outback
SA_Cleve_South_Australia___Outback,NT_West_Arnhem_Northern_Territory___Outback
NT_West_Arnhem_Northern_Territory___Outback,NSW_Canterbury_Bankstown_Sydney___Parramatta
NSW_Canterbury_Bankstown_Sydney___Parramatta,TAS_King_Island_West_and_North_West
TAS_King_Island_West_and_North_West,SA_Kangaroo_Island_South_Australia___South_East
SA_Kangaroo_Island_South_Australia___South_East,NSW_Uralla_New_England_and_North_West
NSW_Uralla_New_England_and_North_West,SA_Holdfast_Bay_Adelaide___South
SA_Holdfast_Bay_Adelaide___South,VIC_Murrindindi_Melbourne___North_East
VIC_Murrindindi_Melbourne___North_East,NSW_Brewarrina_Far_West_and_Orana
NSW_Brewarrina_Far_West_and_Orana,NSW_Wollondilly_Sydney___Outer_West_and_Blue_Mountains
NSW_Wollondilly_Sydney___Outer_West_and_Blue_Mountains,NT_East_Arnhem_Northern_Territory___Outback
NT_East_Arnhem_Northern_Territory___Outback,SA_Port_Lincoln_South_Australia___Outback
SA_Port_Lincoln_South_Australia___Outback,QLD_Carpentaria_Queensland___Outback
QLD_Carpentaria_Queensland___Outback,SA_Light_Adelaide___North
SA_Light_Adelaide___North,NSW_Camden_Sydney___South_West
NSW_Camden_Sydney___South_West,QLD_Longreach_Queensland___Outback
QLD_Longreach_Queensland___Outback,NSW_Maitland_Newcastle_and_Lake_Macquarie
NSW_Maitland_Newcastle_and_Lake_Macquarie,SA_Lower_Eyre_Peninsula_South_Australia___Outback
SA_Lower_Eyre_Peninsula_South_Australia___Outback,WA_York_Western_Australia___Wheat_Belt
WA_York_Western_Australia___Wheat_Belt,WA_Rockingham_Perth___South_West
WA_Rockingham_Perth___South_West,WA_Plantagenet_Western_Australia___Wheat_Belt
WA_Plantagenet_Western_Australia___Wheat_Belt,WA_Kwinana_Perth___South_West
WA_Kwinana_Perth___South_West,WA_Murray_Mandurah
WA_Murray_Mandurah,WA_Dumbleyung_Western_Australia___Wheat_Belt
WA_Dumbleyung_Western_Australia___Wheat_Belt,WA_Port_Hedland_Western_Australia___Outback_(North)
WA_Port_Hedland_Western_Australia___Outback_(North),WA_Stirling_Perth___North_West
WA_Stirling_Perth___North_West,SA_Robe_South_Australia___South_East
SA_Robe_South_Australia___South_East,WA_Cambridge_Perth___Inner
WA_Cambridge_Perth___Inner,WA_Wanneroo_Perth___North_West
WA_Wanneroo_Perth___North_West,WA_Gosnells_Perth___South_East
WA_Gosnells_Perth___South_East,WA_Dandaragan_Western_Australia___Wheat_Belt
WA_Dandaragan_Western_Australia___Wheat_Belt,NSW_The_Hills_Sydney___Ryde
NSW_The_Hills_Sydney___Ryde,WA_Serpentine_Jarrahdale_Perth___South_East
WA_Serpentine_Jarrahdale_Perth___South_East,WA_Mandurah_Mandurah
WA_Mandurah_Mandurah,WA_Woodanilling_Western_Australia___Wheat_Belt
WA_Woodanilling_Western_Australia___Wheat_Belt,NSW_Warrumbungle_Central_West
NSW_Warrumbungle_Central_West,WA_Dowerin_Western_Australia___Wheat_Belt
WA_Dowerin_Western_Australia___Wheat_Belt,WA_Kalgoorlie_Boulder_Western_Australia___Outback_(South)
WA_Kalgoorlie_Boulder_Western_Australia___Outback_(South),WA_Greater_Geraldton_Western_Australia___Outback_(South)
WA_Greater_Geraldton_Western_Australia___Outback_(South),WA_Harvey_Bunbury
WA_Harvey_Bunbury,WA_Bayswater_Perth___North_East
WA_Bayswater_Perth___North_East,WA_Swan_Perth___North_East
WA_Swan_Perth___North_East,QLD_Doomadgee_Queensland___Outback
QLD_Doomadgee_Queensland___Outback,QLD_Croydon_Queensland___Outback
QLD_Croydon_Queensland___Outback,WA_Albany_Western_Australia___Wheat_Belt
WA_Albany_Western_Australia___Wheat_Belt,TAS_Central_Highlands_(Tas.)_South_East
TAS_Central_Highlands_(Tas.)_South_East,WA_Chittering_Western_Australia___Wheat_Belt
WA_Chittering_Western_Australia___Wheat_Belt,WA_Canning_Perth___South_East
WA_Canning_Perth___South_East,WA_Perenjori_Western_Australia___Outback_(South)
WA_Perenjori_Western_Australia___Outback_(South),WA_Mount_Magnet_Western_Australia___Outback_(South)
WA_Mount_Magnet_Western_Australia___Outback_(South),WA_Donnybrook_Balingup_Bunbury
WA_Donnybrook_Balingup_Bunbury,QLD_Hope_Vale_Queensland___Outback
QLD_Hope_Vale_Queensland___Outback,WA_Augusta_Margaret_River_Bunbury
WA_Augusta_Margaret_River_Bunbury,WA_Vincent_Perth___Inner
WA_Vincent_Perth___Inner,WA_Wickepin_Western_Australia___Wheat_Belt
WA_Wickepin_Western_Australia___Wheat_Belt,VIC_Melton_Melbourne___North_West
VIC_Melton_Melbourne___North_West,WA_Cockburn_Perth___South_West
WA_Cockburn_Perth___South_West,WA_Victoria_Park_Perth___South_East
WA_Victoria_Park_Perth___South_East,WA_Armadale_Perth___South_East
WA_Armadale_Perth___South_East,WA_Bunbury_Bunbury
WA_Bunbury_Bunbury,WA_Gingin_Western_Australia___Wheat_Belt
WA_Gingin_Western_Australia___Wheat_Belt,WA_Moora_Western_Australia___Wheat_Belt
WA_Moora_Western_Australia___Wheat_Belt,WA_Perth_Perth___Inner
WA_Perth_Perth___Inner,WA_Busselton_Bunbury
WA_Busselton_Bunbury,WA_Williams_Western_Australia___Wheat_Belt
WA_Williams_Western_Australia___Wheat_Belt,TAS_Derwent_Valley_South_East
TAS_Derwent_Valley_South_East,QLD_Quilpie_Queensland___Outback
QLD_Quilpie_Queensland___Outback,WA_Kojonup_Western_Australia___Wheat_Belt
WA_Kojonup_Western_Australia___Wheat_Belt,WA_Mount_Marshall_Western_Australia___Wheat_Belt
WA_Mount_Marshall_Western_Australia___Wheat_Belt,SA_Kingston_(SA)_South_Australia___South_East
SA_Kingston_(SA)_South_Australia___South_East,WA_Karratha_Western_Australia___Outback_(North)
WA_Karratha_Western_Australia___Outback_(North),SA_Elliston_South_Australia___Outback
SA_Elliston_South_Australia___Outback,WA_Coolgardie_Western_Australia___Outback_(South)
WA_Coolgardie_Western_Australia___Outback_(South),VIC_Monash_Melbourne___Inner_South
VIC_Monash_Melbourne___Inner_South,WA_Derby_West_Kimberley_Western_Australia___Outback_(North)
WA_Derby_West_Kimberley_Western_Australia___Outback_(North),WA_Mundaring_Perth___North_East
WA_Mundaring_Perth___North_East,WA_Belmont_Perth___South_East
WA_Belmont_Perth___South_East,WA_Nungarin_Western_Australia___Wheat_Belt
WA_Nungarin_Western_Australia___Wheat_Belt,VIC_Bayside_(Vic.)_Melbourne___Inner_South
VIC_Bayside_(Vic.)_Melbourne___Inner_South,WA_Northam_Western_Australia___Wheat_Belt
WA_Northam_Western_Australia___Wheat_Belt,WA_Melville_Perth___South_West
WA_Melville_Perth___South_West,WA_Bassendean_Perth___North_East
WA_Bassendean_Perth___North_East,WA_Yilgarn_Western_Australia___Wheat_Belt
WA_Yilgarn_Western_Australia___Wheat_Belt,WA_Broome_Western_Australia___Outback_(North)
WA_Broome_Western_Australia___Outback_(North),WA_Chapman_Valley_Western_Australia___Outback_(South)
WA_Chapman_Valley_Western_Australia___Outback_(South),WA_Broomehill_Tambellup_Western_Australia___Wheat_Belt
WA_Broomehill_Tambellup_Western_Australia___Wheat_Belt,WA_Meekatharra_Western_Australia___Outback_(South)
WA_Meekatharra_Western_Australia___Outback_(South),WA_Esperance_Western_Australia___Outback_(South)
WA_Esperance_Western_Australia___Outback_(South),QLD_Sunshine_Coast_Moreton_Bay___North
QLD_Sunshine_Coast_Moreton_Bay___North,WA_Capel_Bunbury
WA_Capel_Bunbury,WA_Dundas_Western_Australia___Outback_(South)
WA_Dundas_Western_Australia___Outback_(South),NSW_Federation_Riverina
NSW_Federation_Riverina,WA_Lake_Grace_Western_Australia___Wheat_Belt
WA_Lake_Grace_Western_Australia___Wheat_Belt,WA_Dardanup_Bunbury
WA_Dardanup_Bunbury,WA_Kondinin_Western_Australia___Wheat_Belt
WA_Kondinin_Western_Australia___Wheat_Belt,WA_Kent_Western_Australia___Wheat_Belt
WA_Kent_Western_Australia___Wheat_Belt,NSW_Canada_Bay_Sydney___Inner_West
NSW_Canada_Bay_Sydney___Inner_West,WA_Wagin_Western_Australia___Wheat_Belt
WA_Wagin_Western_Australia___Wheat_Belt,WA_Manjimup_Bunbury
WA_Manjimup_Bunbury,NSW_Fairfield_Sydney___Parramatta
NSW_Fairfield_Sydney___Parramatta,WA_Denmark_Western_Australia___Wheat_Belt
WA_Denmark_Western_Australia___Wheat_Belt,WA_Boddington_Western_Australia___Wheat_Belt
WA_Boddington_Western_Australia___Wheat_Belt,WA_Bruce_Rock_Western_Australia___Wheat_Belt
WA_Bruce_Rock_Western_Australia___Wheat_Belt,WA_Kulin_Western_Australia___Wheat_Belt
WA_Kulin_Western_Australia___Wheat_Belt,WA_Cuballing_Western_Australia___Wheat_Belt
WA_Cuballing_Western_Australia___Wheat_Belt,NSW_Dungog_Hunter_Valley_exc_Newcastle
NSW_Dungog_Hunter_Valley_exc_Newcastle,WA_Carnarvon_Western_Australia___Outback_(South)
WA_Carnarvon_Western_Australia___Outback_(South),VIC_Hindmarsh_North_West
VIC_Hindmarsh_North_West,WA_Wyndham_East_Kimberley_Western_Australia___Outback_(North)
WA_Wyndham_East_Kimberley_Western_Australia___Outback_(North),WA_Beverley_Western_Australia___Wheat_Belt
WA_Beverley_Western_Australia___Wheat_Belt,WA_Ravensthorpe_Western_Australia___Outback_(South)
WA_Ravensthorpe_Western_Australia___Outback_(South),WA_Joondalup_Perth___North_West
WA_Joondalup_Perth___North_West,SA_Coober_Pedy_South_Australia___Outback
SA_Coober_Pedy_South_Australia___Outback,NT_Katherine_Northern_Territory___Outback
NT_Katherine_Northern_Territory___Outback,WA_Dalwallinu_Western_Australia___Wheat_Belt
WA_Dalwallinu_Western_Australia___Wheat_Belt,WA_Gnowangerup_Western_Australia___Wheat_Belt
WA_Gnowangerup_Western_Australia___Wheat_Belt,VIC_Loddon_Ballarat
VIC_Loddon_Ballarat,WA_Wongan_Ballidu_Western_Australia___Wheat_Belt
WA_Wongan_Ballidu_Western_Australia___Wheat_Belt,WA_Collie_Bunbury
WA_Collie_Bunbury,NSW_Cootamundra_Gundagai_Riverina
NSW_Cootamundra_Gundagai_Riverina,WA_East_Pilbara_Western_Australia___Outback_(North)
WA_East_Pilbara_Western_Australia___Outback_(North),WA_Menzies_Western_Australia___Outback_(South)
WA_Menzies_Western_Australia___Outback_(South),WA_Halls_Creek_Western_Australia___Outback_(North)
WA_Halls_Creek_Western_Australia___Outback_(North),WA_Irwin_Western_Australia___Outback_(South)
WA_Irwin_Western_Australia___Outback_(South),QLD_Yarrabah_Cairns
QLD_Yarrabah_Cairns,WA_Pingelly_Western_Australia___Wheat_Belt
WA_Pingelly_Western_Australia___Wheat_Belt,WA_Cue_Western_Australia___Outback_(South)
WA_Cue_Western_Australia___Outback_(South),WA_Kalamunda_Perth___South_East
WA_Kalamunda_Perth___South_East,WA_Quairading_Western_Australia___Wheat_Belt
WA_Quairading_Western_Australia___Wheat_Belt,NSW_Randwick_Sydney___City_and_Inner_South
NSW_Randwick_Sydney___City_and_Inner_South,QLD_Mornington_Queensland___Outback
QLD_Mornington_Queensland___Outback,WA_Wandering_Western_Australia___Wheat_Belt
WA_Wandering_Western_Australia___Wheat_Belt,WA_Nannup_Bunbury
WA_Nannup_Bunbury,NSW_Broken_Hill_Far_West_and_Orana
NSW_Broken_Hill_Far_West_and_Orana,WA_Ngaanyatjarraku_Western_Australia___Outback_(South)
WA_Ngaanyatjarraku_Western_Australia___Outback_(South),WA_Corrigin_Western_Australia___Wheat_Belt
WA_Corrigin_Western_Australia___Wheat_Belt,SA_Anangu_Pitjantjatjara_Yankunytjatjara_South_Australia___Outback
SA_Anangu_Pitjantjatjara_Yankunytjatjara_South_Australia___Outback,WA_Fremantle_Perth___South_West
WA_Fremantle_Perth___South_West,WA_Toodyay_Western_Australia___Wheat_Belt
WA_Toodyay_Western_Australia___Wheat_Belt,SA_Streaky_Bay_South_Australia___Outback
SA_Streaky_Bay_South_Australia___Outback,WA_Victoria_Plains_Western_Australia___Wheat_Belt
WA_Victoria_Plains_Western_Australia___Wheat_Belt,WA_Northampton_Western_Australia___Outback_(South)
WA_Northampton_Western_Australia___Outback_(South),WA_Bridgetown_Greenbushes_Bunbury
WA_Bridgetown_Greenbushes_Bunbury,SA_Kimba_South_Australia___Outback
SA_Kimba_South_Australia___Outback,WA_Katanning_Western_Australia___Wheat_Belt
WA_Katanning_Western_Australia___Wheat_Belt,WA_Jerramungup_Western_Australia___Wheat_Belt
WA_Jerramungup_Western_Australia___Wheat_Belt,WA_Carnamah_Western_Australia___Outback_(South)
WA_Carnamah_Western_Australia___Outback_(South),WA_Ashburton_Western_Australia___Outback_(North)
WA_Ashburton_Western_Australia___Outback_(North),WA_West_Arthur_Western_Australia___Wheat_Belt
WA_West_Arthur_Western_Australia___Wheat_Belt,SA_Mount_Gambier_South_Australia___South_East
SA_Mount_Gambier_South_Australia___South_East,WA_South_Perth_Perth___South_East
WA_South_Perth_Perth___South_East,WA_Brookton_Western_Australia___Wheat_Belt
WA_Brookton_Western_Australia___Wheat_Belt,QLD_Burke_Queensland___Outback
QLD_Burke_Queensland___Outback,WA_Nedlands_Perth___Inner
WA_Nedlands_Perth___Inner,WA_Stirling_Perth___Inner
WA_Stirling_Perth___Inner,SA_Franklin_Harbour_South_Australia___Outback
SA_Franklin_Harbour_South_Australia___Outback,WA_Waroona_Bunbury
WA_Waroona_Bunbury,WA_Cunderdin_Western_Australia___Wheat_Belt
WA_Cunderdin_Western_Australia___Wheat_Belt,WA_Cranbrook_Western_Australia___Wheat_Belt
WA_Cranbrook_Western_Australia___Wheat_Belt,NSW_Murrumbidgee_Murray
NSW_Murrumbidgee_Murray,NSW_Sydney_Sydney___Eastern_Suburbs
NSW_Sydney_Sydney___Eastern_Suburbs,WA_Kellerberrin_Western_Australia___Wheat_Belt
WA_Kellerberrin_Western_Australia___Wheat_Belt,WA_Kalamunda_Perth___North_East
WA_Kalamunda_Perth___North_East,VIC_Ararat_Ballarat
VIC_Ararat_Ballarat,NT_Wagait_Northern_Territory___Outback
NT_Wagait_Northern_Territory___Outback,QLD_Weipa_Queensland___Outback
QLD_Weipa_Queensland___Outback,SA_Barossa_Adelaide___North
SA_Barossa_Adelaide___North,QLD_Pormpuraaw_Queensland___Outback
QLD_Pormpuraaw_Queensland___Outback,NSW_Bourke_Far_West_and_Orana
NSW_Bourke_Far_West_and_Orana,NSW_Richmond_Valley_Coffs_Harbour___Grafton
NSW_Richmond_Valley_Coffs_Harbour___Grafton,VIC_Unincorporated_Vic_Hume
VIC_Unincorporated_Vic_Hume,VIC_Greater_Shepparton_Hume
VIC_Greater_Shepparton_Hume,QLD_Palm_Island_Townsville
QLD_Palm_Island_Townsville,NT_West_Daly_Northern_Territory___Outback
NT_West_Daly_Northern_Territory___Outback,WA_Mosman_Park_Perth___Inner
WA_Mosman_Park_Perth___Inner,WA_Narrogin_Western_Australia___Wheat_Belt
WA_Narrogin_Western_Australia___Wheat_Belt,WA_Merredin_Western_Australia___Wheat_Belt
WA_Merredin_Western_Australia___Wheat_Belt,WA_Westonia_Western_Australia___Wheat_Belt
WA_Westonia_Western_Australia___Wheat_Belt,WA_Morawa_Western_Australia___Outback_(South)
WA_Morawa_Western_Australia___Outback_(South),WA_Claremont_Perth___Inner
WA_Claremont_Perth___Inner,WA_Mingenew_Western_Australia___Outback_(South)
WA_Mingenew_Western_Australia___Outback_(South),WA_Murray_Western_Australia___Wheat_Belt
WA_Murray_Western_Australia___Wheat_Belt,NSW_The_Hills_Sydney___Parramatta
NSW_The_Hills_Sydney___Parramatta,WA_Goomalling_Western_Australia___Wheat_Belt
WA_Goomalling_Western_Australia___Wheat_Belt,WA_Subiaco_Perth___Inner
WA_Subiaco_Perth___Inner,WA_Trayning_Western_Australia___Wheat_Belt
WA_Trayning_Western_Australia___Wheat_Belt,WA_Shark_Bay_Western_Australia___Outback_(South)
WA_Shark_Bay_Western_Australia___Outback_(South),WA_Exmouth_Western_Australia___Outback_(South)
WA_Exmouth_Western_Australia___Outback_(South),WA_Sandstone_Western_Australia___Outback_(South)
WA_Sandstone_Western_Australia___Outback_(South),VIC_Surf_Coast_Warrnambool_and_South_West
VIC_Surf_Coast_Warrnambool_and_South_West,WA_Boyup_Brook_Bunbury
WA_Boyup_Brook_Bunbury,WA_Cottesloe__Perth___Inner
WA_Cottesloe__Perth___Inner,WA_Leonora_Western_Australia___Outback_(South)
